Building Code,Hazard Type,Risk Level
2603000263,Flood,High Flood
2601000005,Flood,High Flood
2601000007,Flood,High Flood
2602000001,Flood,High Flood
2602000003,Flood,High Flood
2602000005,Flood,High Flood
2602000006,Flood,High Flood
2602000007,Flood,High Flood
2602000008,Flood,High Flood
2602000009,Flood,High Flood
2602000010,Flood,High Flood
2602000017,Flood,High Flood
2602000019,Flood,High Flood
2602000020,Flood,High Flood
2602000021,Flood,High Flood
2602000026,Flood,High Flood
2602000027,Flood,High Flood
2602000028,Flood,High Flood
2602000032,Flood,High Flood
2602000033,Flood,High Flood
2602000034,Flood,High Flood
2602000038,Flood,High Flood
2602000040,Flood,High Flood
2602000041,Flood,High Flood
2602000043,Flood,High Flood
2602000048,Flood,High Flood
2602000049,Flood,High Flood
2602000050,Flood,High Flood
2602000051,Flood,High Flood
2602000056,Flood,High Flood
2602000057,Flood,High Flood
2602000058,Flood,High Flood
2602000059,Flood,High Flood
2602000060,Flood,High Flood
2602000067,Flood,High Flood
2602000069,Flood,High Flood
2602000071,Flood,High Flood
2602000073,Flood,High Flood
2602000075,Flood,High Flood
2602000081,Flood,High Flood
2602000082,Flood,High Flood
2602000083,Flood,High Flood
2602000084,Flood,High Flood
2602000085,Flood,High Flood
2602000086,Flood,High Flood
2602000087,Flood,High Flood
2602000088,Flood,High Flood
2602000101,Flood,High Flood
2602000103,Flood,High Flood
2602000104,Flood,High Flood
2602000109,Flood,High Flood
2602000111,Flood,High Flood
2602000112,Flood,High Flood
2602000117,Flood,High Flood
2602000118,Flood,High Flood
2602000119,Flood,High Flood
2602000120,Flood,High Flood
2602000121,Flood,High Flood
2602000122,Flood,High Flood
2602000123,Flood,High Flood
2602000124,Flood,High Flood
2602000125,Flood,High Flood
2602000135,Flood,High Flood
2602000136,Flood,High Flood
2602000137,Flood,High Flood
2602000138,Flood,High Flood
2602000144,Flood,High Flood
2602000145,Flood,High Flood
2602000151,Flood,High Flood
2602000152,Flood,High Flood
2602000155,Flood,High Flood
2602000156,Flood,High Flood
2602000157,Flood,High Flood
2602000165,Flood,High Flood
2602000175,Flood,High Flood
2602000176,Flood,High Flood
2602000177,Flood,High Flood
2602000178,Flood,High Flood
2602000179,Flood,High Flood
2602000180,Flood,High Flood
2602000187,Flood,High Flood
2602000188,Flood,High Flood
2602000189,Flood,High Flood
2602000197,Flood,High Flood
2602000199,Flood,High Flood
2602000200,Flood,High Flood
2602000204,Flood,High Flood
2602000205,Flood,High Flood
2602000209,Flood,High Flood
2602000210,Flood,High Flood
2602000211,Flood,High Flood
2602000213,Flood,High Flood
2602000214,Flood,High Flood
2602000215,Flood,High Flood
2602000216,Flood,High Flood
2602000224,Flood,High Flood
2602000225,Flood,High Flood
2602000226,Flood,High Flood
2602000227,Flood,High Flood
2602000234,Flood,High Flood
2602000235,Flood,High Flood
2602000236,Flood,High Flood
2602000242,Flood,High Flood
2602000243,Flood,High Flood
2602000245,Flood,High Flood
2602000246,Flood,High Flood
2602000247,Flood,High Flood
2602000256,Flood,High Flood
2602000257,Flood,High Flood
2602000259,Flood,High Flood
2602000265,Flood,High Flood
2602000266,Flood,High Flood
2602000267,Flood,High Flood
2602000268,Flood,High Flood
2602000269,Flood,High Flood
2602000271,Flood,High Flood
2602000272,Flood,High Flood
2602000276,Flood,High Flood
2602000278,Flood,High Flood
2602000279,Flood,High Flood
2602000282,Flood,High Flood
2602000284,Flood,High Flood
2602000286,Flood,High Flood
2602000296,Flood,High Flood
2602000297,Flood,High Flood
2602000298,Flood,High Flood
2602000299,Flood,High Flood
2602000300,Flood,High Flood
2602000301,Flood,High Flood
2602000312,Flood,High Flood
2602000313,Flood,High Flood
2602000314,Flood,High Flood
2602000315,Flood,High Flood
2602000320,Flood,High Flood
2602000321,Flood,High Flood
2602000322,Flood,High Flood
2602000326,Flood,High Flood
2602000327,Flood,High Flood
2602000328,Flood,High Flood
2602000344,Flood,High Flood
2602000346,Flood,High Flood
2602000350,Flood,High Flood
2602000351,Flood,High Flood
2602000352,Flood,High Flood
2602000353,Flood,High Flood
2602000354,Flood,High Flood
2602000355,Flood,High Flood
2602000356,Flood,High Flood
2602000357,Flood,High Flood
2602000366,Flood,High Flood
2602000368,Flood,High Flood
2602000369,Flood,High Flood
2602000371,Flood,High Flood
2602000372,Flood,High Flood
2602000373,Flood,High Flood
2602000378,Flood,High Flood
2602000379,Flood,High Flood
2602000382,Flood,High Flood
2602000384,Flood,High Flood
2602000386,Flood,High Flood
2602000387,Flood,High Flood
2602000388,Flood,High Flood
2602000389,Flood,High Flood
2602000390,Flood,High Flood
2602000391,Flood,High Flood
2602000392,Flood,High Flood
2602000393,Flood,High Flood
2602000394,Flood,High Flood
2602000395,Flood,High Flood
2602000396,Flood,High Flood
2602000397,Flood,High Flood
2602000398,Flood,High Flood
2602000399,Flood,High Flood
2602000415,Flood,High Flood
2602000417,Flood,High Flood
2602000418,Flood,High Flood
2602000421,Flood,High Flood
2602000422,Flood,High Flood
2602000423,Flood,High Flood
2602000424,Flood,High Flood
2602000425,Flood,High Flood
2602000431,Flood,High Flood
2602000432,Flood,High Flood
2602000433,Flood,High Flood
2602000434,Flood,High Flood
2602000435,Flood,High Flood
2602000438,Flood,High Flood
2602000439,Flood,High Flood
2602000441,Flood,High Flood
2602000443,Flood,High Flood
2602000444,Flood,High Flood
2602000445,Flood,High Flood
2602000446,Flood,High Flood
2602000459,Flood,High Flood
2602000460,Flood,High Flood
2602000461,Flood,High Flood
2602000462,Flood,High Flood
2602000463,Flood,High Flood
2602000464,Flood,High Flood
2602000465,Flood,High Flood
2602000466,Flood,High Flood
2602000467,Flood,High Flood
2602000468,Flood,High Flood
2602000469,Flood,High Flood
2602000470,Flood,High Flood
2602000471,Flood,High Flood
2602000485,Flood,High Flood
2602000486,Flood,High Flood
2602000487,Flood,High Flood
2602000488,Flood,High Flood
2602000489,Flood,High Flood
2602000490,Flood,High Flood
2602000491,Flood,High Flood
2602000492,Flood,High Flood
2602000493,Flood,High Flood
2602000494,Flood,High Flood
2602000495,Flood,High Flood
2602000496,Flood,High Flood
2602000497,Flood,High Flood
2602000498,Flood,High Flood
2602000499,Flood,High Flood
2602000500,Flood,High Flood
2602000501,Flood,High Flood
2602000521,Flood,High Flood
2602000522,Flood,High Flood
2602000523,Flood,High Flood
2602000526,Flood,High Flood
2602000527,Flood,High Flood
2602000528,Flood,High Flood
2602000529,Flood,High Flood
2602000530,Flood,High Flood
2602000531,Flood,High Flood
2602000532,Flood,High Flood
2602000533,Flood,High Flood
2602000534,Flood,High Flood
2602000535,Flood,High Flood
2602000536,Flood,High Flood
2602000537,Flood,High Flood
2602000538,Flood,High Flood
2602000539,Flood,High Flood
2602000540,Flood,High Flood
2602000541,Flood,High Flood
2602000542,Flood,High Flood
2602000543,Flood,High Flood
2602000569,Flood,High Flood
2602000570,Flood,High Flood
2602000571,Flood,High Flood
2602000577,Flood,High Flood
2602000578,Flood,High Flood
2602000579,Flood,High Flood
2602000580,Flood,High Flood
2602000581,Flood,High Flood
2602000582,Flood,High Flood
2602000583,Flood,High Flood
2602000584,Flood,High Flood
2602000585,Flood,High Flood
2602000586,Flood,High Flood
2602000587,Flood,High Flood
2602000588,Flood,High Flood
2602000589,Flood,High Flood
2602000590,Flood,High Flood
2602000591,Flood,High Flood
2602000592,Flood,High Flood
2602000593,Flood,High Flood
2602000594,Flood,High Flood
2602000595,Flood,High Flood
2602000596,Flood,High Flood
2602000597,Flood,High Flood
2602000598,Flood,High Flood
2602000599,Flood,High Flood
2602000600,Flood,High Flood
2602000601,Flood,High Flood
2602000628,Flood,High Flood
2602000629,Flood,High Flood
2602000630,Flood,High Flood
2602000631,Flood,High Flood
2602000632,Flood,High Flood
2602000633,Flood,High Flood
2602000634,Flood,High Flood
2602000636,Flood,High Flood
2602000637,Flood,High Flood
2602000638,Flood,High Flood
2602000639,Flood,High Flood
2602000640,Flood,High Flood
2602000641,Flood,High Flood
2602000642,Flood,High Flood
2602000643,Flood,High Flood
2602000644,Flood,High Flood
2602000645,Flood,High Flood
2602000668,Flood,High Flood
2602000670,Flood,High Flood
2602000671,Flood,High Flood
2602000676,Flood,High Flood
2602000677,Flood,High Flood
2602000678,Flood,High Flood
2602000679,Flood,High Flood
2602000684,Flood,High Flood
2602000685,Flood,High Flood
2602000686,Flood,High Flood
2602000691,Flood,High Flood
2602000694,Flood,High Flood
2602000696,Flood,High Flood
2602000697,Flood,High Flood
2602000698,Flood,High Flood
2602000699,Flood,High Flood
2602000700,Flood,High Flood
2602000701,Flood,High Flood
2602000702,Flood,High Flood
2602000704,Flood,High Flood
2602000714,Flood,High Flood
2602000715,Flood,High Flood
2602000716,Flood,High Flood
2602000717,Flood,High Flood
2602000718,Flood,High Flood
2602000719,Flood,High Flood
2602000720,Flood,High Flood
2602000721,Flood,High Flood
2602000722,Flood,High Flood
2602000723,Flood,High Flood
2602000724,Flood,High Flood
2602000736,Flood,High Flood
2602000744,Flood,High Flood
2602000749,Flood,High Flood
2602000751,Flood,High Flood
2602000752,Flood,High Flood
2602000753,Flood,High Flood
2602000754,Flood,High Flood
2602000755,Flood,High Flood
2602000756,Flood,High Flood
2602000757,Flood,High Flood
2602000758,Flood,High Flood
2602000759,Flood,High Flood
2602000760,Flood,High Flood
2602000763,Flood,High Flood
2602000764,Flood,High Flood
2602000765,Flood,High Flood
2602000767,Flood,High Flood
2602000768,Flood,High Flood
2602000769,Flood,High Flood
2602000770,Flood,High Flood
2602000771,Flood,High Flood
2602000774,Flood,High Flood
2602000775,Flood,High Flood
2602000776,Flood,High Flood
2602000777,Flood,High Flood
2602000779,Flood,High Flood
2602000780,Flood,High Flood
2602000783,Flood,High Flood
2602000784,Flood,High Flood
2602000785,Flood,High Flood
2602000786,Flood,High Flood
2602000814,Flood,High Flood
2602000816,Flood,High Flood
2602000818,Flood,High Flood
2602000819,Flood,High Flood
2602000822,Flood,High Flood
2602000823,Flood,High Flood
2602000824,Flood,High Flood
2602000828,Flood,High Flood
2602000830,Flood,High Flood
2602000835,Flood,High Flood
2602000837,Flood,High Flood
2602000838,Flood,High Flood
2602000844,Flood,High Flood
2602000845,Flood,High Flood
2602000846,Flood,High Flood
2602000847,Flood,High Flood
2602000858,Flood,High Flood
2602000859,Flood,High Flood
2602000860,Flood,High Flood
2602000861,Flood,High Flood
2602000862,Flood,High Flood
2602000863,Flood,High Flood
2602000864,Flood,High Flood
2602000872,Flood,High Flood
2602000874,Flood,High Flood
2602000876,Flood,High Flood
2602000879,Flood,High Flood
2602000880,Flood,High Flood
2602000881,Flood,High Flood
2602000882,Flood,High Flood
2602000884,Flood,High Flood
2602000885,Flood,High Flood
2602000886,Flood,High Flood
2602000887,Flood,High Flood
2602000888,Flood,High Flood
2602000890,Flood,High Flood
2602000891,Flood,High Flood
2602000892,Flood,High Flood
2602000893,Flood,High Flood
2602000894,Flood,High Flood
2602000895,Flood,High Flood
2602000896,Flood,High Flood
2602000897,Flood,High Flood
2602000898,Flood,High Flood
2602000899,Flood,High Flood
2602000900,Flood,High Flood
2602000901,Flood,High Flood
2602000902,Flood,High Flood
2602000929,Flood,High Flood
2602000930,Flood,High Flood
2602000932,Flood,High Flood
2602000941,Flood,High Flood
2602000942,Flood,High Flood
2602000946,Flood,High Flood
2602000947,Flood,High Flood
2602000948,Flood,High Flood
2602000950,Flood,High Flood
2602000956,Flood,High Flood
2602000958,Flood,High Flood
2602000959,Flood,High Flood
2602000960,Flood,High Flood
2602000961,Flood,High Flood
2602000962,Flood,High Flood
2602000963,Flood,High Flood
2602000964,Flood,High Flood
2602000975,Flood,High Flood
2602000976,Flood,High Flood
2602000979,Flood,High Flood
2602000981,Flood,High Flood
2602000982,Flood,High Flood
2602000983,Flood,High Flood
2602000984,Flood,High Flood
2602000986,Flood,High Flood
2602000998,Flood,High Flood
2602000999,Flood,High Flood
2602001000,Flood,High Flood
2602001001,Flood,High Flood
2602001002,Flood,High Flood
2602001003,Flood,High Flood
2602001004,Flood,High Flood
2602001005,Flood,High Flood
2602001006,Flood,High Flood
2602001007,Flood,High Flood
2602001008,Flood,High Flood
2602001009,Flood,High Flood
2602001010,Flood,High Flood
2602001011,Flood,High Flood
2602001012,Flood,High Flood
2602001037,Flood,High Flood
2602001038,Flood,High Flood
2602001039,Flood,High Flood
2602001043,Flood,High Flood
2602001044,Flood,High Flood
2602001045,Flood,High Flood
2602001046,Flood,High Flood
2602001049,Flood,High Flood
2602001050,Flood,High Flood
2602001051,Flood,High Flood
2602001052,Flood,High Flood
2602001053,Flood,High Flood
2602001055,Flood,High Flood
2602001067,Flood,High Flood
2602001068,Flood,High Flood
2602001074,Flood,High Flood
2602001076,Flood,High Flood
2602001077,Flood,High Flood
2602001082,Flood,High Flood
2602001083,Flood,High Flood
2602001084,Flood,High Flood
2602001085,Flood,High Flood
2602001086,Flood,High Flood
2602001096,Flood,High Flood
2602001097,Flood,High Flood
2602001098,Flood,High Flood
2602001099,Flood,High Flood
2602001100,Flood,High Flood
2602001101,Flood,High Flood
2602001102,Flood,High Flood
2602001110,Flood,High Flood
2602001112,Flood,High Flood
2602001113,Flood,High Flood
2602001114,Flood,High Flood
2602001116,Flood,High Flood
2602001117,Flood,High Flood
2602001119,Flood,High Flood
2602001120,Flood,High Flood
2602001121,Flood,High Flood
2602001122,Flood,High Flood
2602001135,Flood,High Flood
2602001136,Flood,High Flood
2602001137,Flood,High Flood
2602001138,Flood,High Flood
2602001139,Flood,High Flood
2602001140,Flood,High Flood
2602001154,Flood,High Flood
2602001155,Flood,High Flood
2602001157,Flood,High Flood
2602001165,Flood,High Flood
2602001166,Flood,High Flood
2602001167,Flood,High Flood
2602001168,Flood,High Flood
2602001169,Flood,High Flood
2602001170,Flood,High Flood
2602001172,Flood,High Flood
2602001183,Flood,High Flood
2602001184,Flood,High Flood
2602001185,Flood,High Flood
2602001189,Flood,High Flood
2602001190,Flood,High Flood
2602001191,Flood,High Flood
2602001192,Flood,High Flood
2602001198,Flood,High Flood
2602001199,Flood,High Flood
2602001200,Flood,High Flood
2602001201,Flood,High Flood
2602001202,Flood,High Flood
2602001203,Flood,High Flood
2602001204,Flood,High Flood
2602001205,Flood,High Flood
2602001206,Flood,High Flood
2602001207,Flood,High Flood
2602001208,Flood,High Flood
2602001209,Flood,High Flood
2602001210,Flood,High Flood
2602001211,Flood,High Flood
2602001212,Flood,High Flood
2602001213,Flood,High Flood
2602001214,Flood,High Flood
2602001215,Flood,High Flood
2602001235,Flood,High Flood
2602001237,Flood,High Flood
2602001238,Flood,High Flood
2602001239,Flood,High Flood
2602001240,Flood,High Flood
2602001241,Flood,High Flood
2602001242,Flood,High Flood
2602001243,Flood,High Flood
2602001244,Flood,High Flood
2602001245,Flood,High Flood
2602001246,Flood,High Flood
2602001248,Flood,High Flood
2602001249,Flood,High Flood
2602001250,Flood,High Flood
2602001251,Flood,High Flood
2602001252,Flood,High Flood
2602001253,Flood,High Flood
2602001254,Flood,High Flood
2602001255,Flood,High Flood
2602001256,Flood,High Flood
2602001257,Flood,High Flood
2602001258,Flood,High Flood
2602001259,Flood,High Flood
2602001260,Flood,High Flood
2602001261,Flood,High Flood
2602001262,Flood,High Flood
2602001263,Flood,High Flood
2602001264,Flood,High Flood
2602001265,Flood,High Flood
2602001266,Flood,High Flood
2602001267,Flood,High Flood
2602001268,Flood,High Flood
2602001269,Flood,High Flood
2603000001,Flood,High Flood
2603000002,Flood,High Flood
2603000004,Flood,High Flood
2603000005,Flood,High Flood
2603000006,Flood,High Flood
2603000007,Flood,High Flood
2603000008,Flood,High Flood
2603000009,Flood,High Flood
2603000010,Flood,High Flood
2603000013,Flood,High Flood
2603000014,Flood,High Flood
2603000015,Flood,High Flood
2603000016,Flood,High Flood
2603000018,Flood,High Flood
2603000019,Flood,High Flood
2603000020,Flood,High Flood
2603000021,Flood,High Flood
2603000022,Flood,High Flood
2603000023,Flood,High Flood
2603000024,Flood,High Flood
2603000026,Flood,High Flood
2603000030,Flood,High Flood
2603000032,Flood,High Flood
2603000034,Flood,High Flood
2603000065,Flood,High Flood
2603000068,Flood,High Flood
2603000069,Flood,High Flood
2603000070,Flood,High Flood
2603000072,Flood,High Flood
2603000073,Flood,High Flood
2603000074,Flood,High Flood
2603000075,Flood,High Flood
2603000076,Flood,High Flood
2603000077,Flood,High Flood
2603000078,Flood,High Flood
2603000079,Flood,High Flood
2603000080,Flood,High Flood
2603000081,Flood,High Flood
2603000082,Flood,High Flood
2603000083,Flood,High Flood
2603000084,Flood,High Flood
2603000085,Flood,High Flood
2603000086,Flood,High Flood
2603000087,Flood,High Flood
2603000088,Flood,High Flood
2603000089,Flood,High Flood
2603000090,Flood,High Flood
2603000091,Flood,High Flood
2603000092,Flood,High Flood
2603000093,Flood,High Flood
2603000095,Flood,High Flood
2603000096,Flood,High Flood
2603000097,Flood,High Flood
2603000098,Flood,High Flood
2603000099,Flood,High Flood
2603000100,Flood,High Flood
2603000101,Flood,High Flood
2603000102,Flood,High Flood
2603000103,Flood,High Flood
2603000163,Flood,High Flood
2603000164,Flood,High Flood
2603000170,Flood,High Flood
2603000171,Flood,High Flood
2603000178,Flood,High Flood
2603000179,Flood,High Flood
2603000180,Flood,High Flood
2603000198,Flood,High Flood
2603000199,Flood,High Flood
2603000202,Flood,High Flood
2603000203,Flood,High Flood
2603000204,Flood,High Flood
2603000210,Flood,High Flood
2603000211,Flood,High Flood
2603000212,Flood,High Flood
2603000217,Flood,High Flood
2603000218,Flood,High Flood
2603000221,Flood,High Flood
2603000222,Flood,High Flood
2603000223,Flood,High Flood
2603000224,Flood,High Flood
2603000225,Flood,High Flood
2603000226,Flood,High Flood
2603000227,Flood,High Flood
2603000235,Flood,High Flood
2603000237,Flood,High Flood
2603000239,Flood,High Flood
2603000242,Flood,High Flood
2603000243,Flood,High Flood
2603000244,Flood,High Flood
2603000245,Flood,High Flood
2603000246,Flood,High Flood
2603000247,Flood,High Flood
2603000248,Flood,High Flood
2603000249,Flood,High Flood
2603000250,Flood,High Flood
2603000266,Flood,High Flood
2603000267,Flood,High Flood
2603000268,Flood,High Flood
2603000270,Flood,High Flood
2603000277,Flood,High Flood
2603000279,Flood,High Flood
2603000282,Flood,High Flood
2603000283,Flood,High Flood
2603000284,Flood,High Flood
2603000285,Flood,High Flood
2603000286,Flood,High Flood
2603000292,Flood,High Flood
2603000294,Flood,High Flood
2603000298,Flood,High Flood
2603000299,Flood,High Flood
2603000303,Flood,High Flood
2603000304,Flood,High Flood
2603000310,Flood,High Flood
2603000312,Flood,High Flood
2603000313,Flood,High Flood
2603000317,Flood,High Flood
2603000318,Flood,High Flood
2603000319,Flood,High Flood
2603000323,Flood,High Flood
2603000324,Flood,High Flood
2603000327,Flood,High Flood
2603000328,Flood,High Flood
2603000329,Flood,High Flood
2603000333,Flood,High Flood
2603000335,Flood,High Flood
2603000337,Flood,High Flood
2603000341,Flood,High Flood
2603000342,Flood,High Flood
2603000357,Flood,High Flood
2603000360,Flood,High Flood
2603000361,Flood,High Flood
2603000362,Flood,High Flood
2603000363,Flood,High Flood
2603000364,Flood,High Flood
2603000365,Flood,High Flood
2603000376,Flood,High Flood
2603000377,Flood,High Flood
2603000378,Flood,High Flood
2603000379,Flood,High Flood
2603000384,Flood,High Flood
2603000385,Flood,High Flood
2603000386,Flood,High Flood
2603000387,Flood,High Flood
2603000388,Flood,High Flood
2603000394,Flood,High Flood
2603000398,Flood,High Flood
2603000400,Flood,High Flood
2603000404,Flood,High Flood
2603000405,Flood,High Flood
2603000406,Flood,High Flood
2603000410,Flood,High Flood
2603000412,Flood,High Flood
2603000414,Flood,High Flood
2603000415,Flood,High Flood
2603000420,Flood,High Flood
2603000422,Flood,High Flood
2603000423,Flood,High Flood
2603000424,Flood,High Flood
2603000425,Flood,High Flood
2603000426,Flood,High Flood
2603000427,Flood,High Flood
2603000428,Flood,High Flood
2603000436,Flood,High Flood
2603000437,Flood,High Flood
2603000438,Flood,High Flood
2603000439,Flood,High Flood
2603000440,Flood,High Flood
2603000441,Flood,High Flood
2603000443,Flood,High Flood
2603000444,Flood,High Flood
2603000445,Flood,High Flood
2603000446,Flood,High Flood
2603000447,Flood,High Flood
2603000448,Flood,High Flood
2603000449,Flood,High Flood
2603000450,Flood,High Flood
2603000451,Flood,High Flood
2603000452,Flood,High Flood
2603000453,Flood,High Flood
2603000473,Flood,High Flood
2603000474,Flood,High Flood
2603000475,Flood,High Flood
2603000476,Flood,High Flood
2603000477,Flood,High Flood
2603000478,Flood,High Flood
2603000479,Flood,High Flood
2603000480,Flood,High Flood
2603000481,Flood,High Flood
2603000482,Flood,High Flood
2603000493,Flood,High Flood
2603000497,Flood,High Flood
2603000499,Flood,High Flood
2603000501,Flood,High Flood
2603000502,Flood,High Flood
2603000570,Flood,High Flood
2603000571,Flood,High Flood
2603000814,Flood,High Flood
2603000815,Flood,High Flood
2603000816,Flood,High Flood
2603000817,Flood,High Flood
2603000818,Flood,High Flood
2603000824,Flood,High Flood
2603000825,Flood,High Flood
2603000826,Flood,High Flood
2603000827,Flood,High Flood
2603000832,Flood,High Flood
2603000834,Flood,High Flood
2603000838,Flood,High Flood
2603000839,Flood,High Flood
2603000840,Flood,High Flood
2603000841,Flood,High Flood
2603000842,Flood,High Flood
2603000859,Flood,High Flood
2603000865,Flood,High Flood
2603000868,Flood,High Flood
2603000869,Flood,High Flood
2603000870,Flood,High Flood
2603000875,Flood,High Flood
2603000878,Flood,High Flood
2603000879,Flood,High Flood
2603000881,Flood,High Flood
2603000882,Flood,High Flood
2603000883,Flood,High Flood
2603000884,Flood,High Flood
2603000885,Flood,High Flood
2603000893,Flood,High Flood
2603000894,Flood,High Flood
2603000895,Flood,High Flood
2603000896,Flood,High Flood
2603000897,Flood,High Flood
2603000898,Flood,High Flood
2603000899,Flood,High Flood
2603000900,Flood,High Flood
2603000913,Flood,High Flood
2603000915,Flood,High Flood
2603000917,Flood,High Flood
2603000918,Flood,High Flood
2603000921,Flood,High Flood
2603000928,Flood,High Flood
2603000929,Flood,High Flood
2603000930,Flood,High Flood
2603000931,Flood,High Flood
2603000932,Flood,High Flood
2603000933,Flood,High Flood
2603000948,Flood,High Flood
2603000949,Flood,High Flood
2603000950,Flood,High Flood
2603000964,Flood,High Flood
2603000965,Flood,High Flood
2603000966,Flood,High Flood
2603000970,Flood,High Flood
2603000971,Flood,High Flood
2603000972,Flood,High Flood
2603000973,Flood,High Flood
2603000979,Flood,High Flood
2603000980,Flood,High Flood
2603000981,Flood,High Flood
2603000982,Flood,High Flood
2603000983,Flood,High Flood
2603000984,Flood,High Flood
2603000985,Flood,High Flood
2603000995,Flood,High Flood
2603000996,Flood,High Flood
2603000997,Flood,High Flood
2603000998,Flood,High Flood
2603000999,Flood,High Flood
2603001000,Flood,High Flood
2603001001,Flood,High Flood
2603001002,Flood,High Flood
2603001003,Flood,High Flood
2603001004,Flood,High Flood
2603001005,Flood,High Flood
2603001006,Flood,High Flood
2603001007,Flood,High Flood
2603001024,Flood,High Flood
2603001025,Flood,High Flood
2603001026,Flood,High Flood
2603001027,Flood,High Flood
2603001028,Flood,High Flood
2603001029,Flood,High Flood
2603001036,Flood,High Flood
2603001040,Flood,High Flood
2603001041,Flood,High Flood
2603001042,Flood,High Flood
2603001043,Flood,High Flood
2603001045,Flood,High Flood
2603001047,Flood,High Flood
2603001057,Flood,High Flood
2603001058,Flood,High Flood
2603001059,Flood,High Flood
2603001068,Flood,High Flood
2603001071,Flood,High Flood
2603001072,Flood,High Flood
2603001075,Flood,High Flood
2603001076,Flood,High Flood
2603001077,Flood,High Flood
2603001078,Flood,High Flood
2603001079,Flood,High Flood
2603001080,Flood,High Flood
2603001081,Flood,High Flood
2603001082,Flood,High Flood
2603001083,Flood,High Flood
2603001084,Flood,High Flood
2603001085,Flood,High Flood
2603001086,Flood,High Flood
2603001087,Flood,High Flood
2603001088,Flood,High Flood
2603001089,Flood,High Flood
2603001090,Flood,High Flood
2603001091,Flood,High Flood
2603001092,Flood,High Flood
2603001093,Flood,High Flood
2603001094,Flood,High Flood
2603001095,Flood,High Flood
2603001096,Flood,High Flood
2603001097,Flood,High Flood
2603001098,Flood,High Flood
2603001099,Flood,High Flood
2603001100,Flood,High Flood
2603001101,Flood,High Flood
2603001102,Flood,High Flood
2603001103,Flood,High Flood
2603001104,Flood,High Flood
2603001105,Flood,High Flood
2603001106,Flood,High Flood
2603001108,Flood,High Flood
2603001109,Flood,High Flood
2603001110,Flood,High Flood
2603001111,Flood,High Flood
2603001112,Flood,High Flood
2603001113,Flood,High Flood
2603001159,Flood,High Flood
2603001161,Flood,High Flood
2603001162,Flood,High Flood
2603001163,Flood,High Flood
2603001164,Flood,High Flood
2603001165,Flood,High Flood
2603001166,Flood,High Flood
2603001167,Flood,High Flood
2603001176,Flood,High Flood
2603001179,Flood,High Flood
2603001180,Flood,High Flood
2603001181,Flood,High Flood
2603001182,Flood,High Flood
2603001183,Flood,High Flood
2603001184,Flood,High Flood
2603001185,Flood,High Flood
2603001186,Flood,High Flood
2603001200,Flood,High Flood
2603001202,Flood,High Flood
2603001204,Flood,High Flood
2603001209,Flood,High Flood
2603001225,Flood,High Flood
2603001226,Flood,High Flood
2603001261,Flood,High Flood
2603001262,Flood,High Flood
2603001265,Flood,High Flood
2603001267,Flood,High Flood
2603001280,Flood,High Flood
2603001295,Flood,High Flood
2603001296,Flood,High Flood
2603001299,Flood,High Flood
2603001301,Flood,High Flood
2603001302,Flood,High Flood
2603001308,Flood,High Flood
2603001309,Flood,High Flood
2603001312,Flood,High Flood
2603001314,Flood,High Flood
2603001316,Flood,High Flood
2603001317,Flood,High Flood
2603001322,Flood,High Flood
2603001323,Flood,High Flood
2603001324,Flood,High Flood
2603001325,Flood,High Flood
2603001326,Flood,High Flood
2603001327,Flood,High Flood
2603001328,Flood,High Flood
2603001329,Flood,High Flood
2603001330,Flood,High Flood
2603001359,Flood,High Flood
2603001361,Flood,High Flood
2603001362,Flood,High Flood
2603001363,Flood,High Flood
2603001364,Flood,High Flood
2603001365,Flood,High Flood
2603001366,Flood,High Flood
2603001373,Flood,High Flood
2603001374,Flood,High Flood
2603001375,Flood,High Flood
2603001379,Flood,High Flood
2603001380,Flood,High Flood
2603001381,Flood,High Flood
2603001382,Flood,High Flood
2603001383,Flood,High Flood
2603001384,Flood,High Flood
2603001385,Flood,High Flood
2603001386,Flood,High Flood
2603001387,Flood,High Flood
2603001388,Flood,High Flood
2603001389,Flood,High Flood
2603001390,Flood,High Flood
2603001391,Flood,High Flood
2603001392,Flood,High Flood
2603001393,Flood,High Flood
2603001394,Flood,High Flood
2603001411,Flood,High Flood
2603001412,Flood,High Flood
2603001413,Flood,High Flood
2603001414,Flood,High Flood
2603001415,Flood,High Flood
2603001416,Flood,High Flood
2603001417,Flood,High Flood
2603001418,Flood,High Flood
2603001419,Flood,High Flood
2603000144,Flood,Low Flood
2603000145,Flood,Low Flood
2603000155,Flood,Low Flood
2603000157,Flood,Low Flood
2603000159,Flood,Low Flood
2603000161,Flood,Low Flood
2603000302,Flood,Low Flood
2603000352,Flood,Low Flood
2602000672,Flood,Moderate Flood
2602001118,Flood,Moderate Flood
2603000173,Flood,Moderate Flood
2603000176,Flood,Moderate Flood
2603000296,Flood,Moderate Flood
2603000347,Flood,Moderate Flood
2603000350,Flood,Moderate Flood
2603000372,Flood,Moderate Flood
2603000373,Flood,Moderate Flood
2603000812,Flood,Moderate Flood
2603000874,Flood,Moderate Flood
2603001055,Flood,Moderate Flood
2603001064,Flood,Moderate Flood
2603001198,Flood,Moderate Flood
2603001210,Flood,Moderate Flood
2603001211,Flood,Moderate Flood
2603001212,Flood,Moderate Flood
2603001213,Flood,Moderate Flood
2603001214,Flood,Moderate Flood
2603001215,Flood,Moderate Flood
2603001269,Flood,Moderate Flood
2603001270,Flood,Moderate Flood
2603001273,Flood,Moderate Flood
2603001275,Flood,Moderate Flood
2603001276,Flood,Moderate Flood
2603001277,Flood,Moderate Flood
2603001278,Flood,Moderate Flood
2603001279,Flood,Moderate Flood
2603001287,Flood,Moderate Flood
2603001289,Flood,Moderate Flood
2603001291,Flood,Moderate Flood
2603001320,Flood,Moderate Flood
2603001340,Flood,Moderate Flood
2603001341,Flood,Moderate Flood
2603001342,Flood,Moderate Flood
2603001343,Flood,Moderate Flood
2603001349,Flood,Moderate Flood
2603001351,Flood,Moderate Flood
2603001352,Flood,Moderate Flood
2603001355,Flood,Moderate Flood
2603001356,Flood,Moderate Flood
